{"cameraMode":{"drawMode":0,"name":"Shaded","section":"Shading Mode"},"sceneLighting":false,"audioPlay":false,"sceneViewState":{"m_AlwaysRefresh":false,"showFog":true,"showSkybox":false,"showFlares":true,"showImageEffects":true,"showParticleSystems":true,"showVisualEffectGraphs":true,"m_FxEnabled":true},"in2DMode":false,"pivot":{"x":1.6401774883270264,"y":-2.153848886489868,"z":10.532520294189454},"rotation":{"x":-0.11075972765684128,"y":-0.07535821944475174,"z":0.008454990573227406,"w":-0.9909756183624268},"size":8.336203575134278,"orthographic":false}