{"cameraMode":{"drawMode":0,"name":"Shaded","section":"Shading Mode"},"sceneLighting":false,"audioPlay":false,"sceneViewState":{"m_AlwaysRefresh":false,"showFog":true,"showSkybox":false,"showFlares":true,"showImageEffects":true,"showParticleSystems":true,"showVisualEffectGraphs":true,"m_FxEnabled":true},"in2DMode":false,"pivot":{"x":-0.36967581510543826,"y":-3.0343780517578127,"z":3.843130111694336},"rotation":{"x":-0.33278316259384158,"y":-0.01920427195727825,"z":0.006902569439262152,"w":-0.9428427219390869},"size":6.5822248458862309,"orthographic":false}