{"cameraMode":{"drawMode":0,"name":"Shaded","section":"Shading Mode"},"sceneLighting":false,"audioPlay":false,"sceneViewState":{"m_AlwaysRefresh":false,"showFog":true,"showSkybox":false,"showFlares":true,"showImageEffects":true,"showParticleSystems":true,"showVisualEffectGraphs":true,"m_FxEnabled":true},"in2DMode":false,"pivot":{"x":-0.1931900978088379,"y":-21.663877487182618,"z":24.794029235839845},"rotation":{"x":0.3313868045806885,"y":0.015856705605983735,"z":-0.005576903000473976,"w":0.9433865547180176},"size":18.944257736206056,"orthographic":false}