{"cameraMode":{"drawMode":0,"name":"Shaded","section":"Shading Mode"},"sceneLighting":false,"audioPlay":false,"sceneViewState":{"m_AlwaysRefresh":false,"showFog":true,"showSkybox":false,"showFlares":true,"showImageEffects":true,"showParticleSystems":true,"showVisualEffectGraphs":true,"m_FxEnabled":true},"in2DMode":false,"pivot":{"x":0.08621159940958023,"y":0.12726366519927979,"z":0.07948309183120728},"rotation":{"x":-0.2039056122303009,"y":-0.06543406844139099,"z":0.013712456449866295,"w":-0.9767450094223023},"size":0.36547067761421206,"orthographic":false}