{"cameraMode":{"drawMode":0,"name":"Shaded","section":"Shading Mode"},"sceneLighting":false,"audioPlay":false,"sceneViewState":{"m_AlwaysRefresh":false,"showFog":true,"showSkybox":false,"showFlares":true,"showImageEffects":true,"showParticleSystems":true,"showVisualEffectGraphs":true,"m_FxEnabled":true},"in2DMode":false,"pivot":{"x":-0.15754371881484986,"y":-0.3537561297416687,"z":-0.47118353843688967},"rotation":{"x":-0.22629380226135255,"y":0.7251625061035156,"z":-0.2794376313686371,"w":-0.5872501730918884},"size":0.7619863748550415,"orthographic":false}