{"cameraMode":{"drawMode":0,"name":"Shaded","section":"Shading Mode"},"sceneLighting":false,"audioPlay":false,"sceneViewState":{"m_AlwaysRefresh":false,"showFog":true,"showSkybox":false,"showFlares":true,"showImageEffects":true,"showParticleSystems":true,"showVisualEffectGraphs":true,"m_FxEnabled":true},"in2DMode":false,"pivot":{"x":-0.33106711506843569,"y":-0.6405152082443237,"z":2.005136251449585},"rotation":{"x":-0.18360567092895509,"y":-0.04067748039960861,"z":0.007659658323973417,"w":-0.9821586608886719},"size":2.295060873031616,"orthographic":false}