{"cameraMode":{"drawMode":0,"name":"Shaded","section":"Shading Mode"},"sceneLighting":true,"audioPlay":false,"sceneViewState":{"m_AlwaysRefresh":false,"showFog":true,"showSkybox":true,"showFlares":true,"showImageEffects":true,"showParticleSystems":true,"showVisualEffectGraphs":true,"m_FxEnabled":true},"in2DMode":false,"pivot":{"x":28.128864288330079,"y":-16.76936912536621,"z":-14.770256042480469},"rotation":{"x":-0.13495004177093507,"y":-0.8313170671463013,"z":0.23043911159038545,"w":-0.48757049441337588},"size":37.99647521972656,"orthographic":false}